,vendor_name,address_line_1,city,state,zip,Latitude,Longitude,"Accuracy Score","Accuracy Type",Number,Street,"Unit Type","Unit Number",City,State,County,Zip,Country,Source
1,"5D Architecture and Engineering PLLC","137-58 Thurston Street",Queens,"New York",11413,40.673237,-73.760262,1,rooftop,137-58,"Thurston St",,,"Springfield Gardens",NY,"Queens County",11413,US,"City of New York"
2,"ABS Contracting NY Corp.","130-29 129th Street",Queens,"New York",11420,40.671413,-73.80967,1,rooftop,130-29,"129th St",,,"South Ozone Park",NY,"Queens County",11420,US,"City of New York"
3,"AmmaluIT Corp","31-00 47th avenue",Queens,"New York",11101,40.742853,-73.935366,0.99,rooftop,31-,"47th Ave",,,"Long Island City",NY,"Queens County",11101,US,"City of New York"
4,"Antoine Cole Consulting","431 Beach 35 Street",Queens,"New York",11691,40.597114,-73.768,1,range_interpolation,431,"Beach 35th St",,,"Far Rockaway",NY,"Queens County",11691,US,"TIGER/Line® dataset from the US Census Bureau"
5,"Assertive Staffing Services, Inc","148-67 Edgewood St",Queens,"New York",11422,40.652982,-73.740214,1,rooftop,148-67,"Edgewood St",,,Rosedale,NY,"Queens County",11422,US,"City of New York"
6,"Assertive Staffing Services, Inc","148-67 Edgewood St",Queens,"New York",11422,40.652982,-73.740214,1,rooftop,148-67,"Edgewood St",,,Rosedale,NY,"Queens County",11422,US,"City of New York"
7,"B&R Construction Services Corp","142-08 Horace Harding Expwy",Queens,"New York",11367,40.741623,-73.824766,1,rooftop,142-8,"Horace Harding Expy",,,Flushing,NY,"Queens County",11367,US,"City of New York"
8,"Bagiana Construction Inc.","94-37 212th Street",Queens,"New York",11428,40.716394,-73.746679,1,rooftop,94-37,"212th St",,,"Queens Village",NY,"Queens County",11428,US,"City of New York"
9,"BarDen LLC","133-33 Brookville Blvd.",Queens,"New York",11205,40.674139,-73.732684,0.9,rooftop,133-33,"Brookville Blvd",,,Rosedale,NY,"Queens County",11422,US,"City of New York"
10,"Body Mind and Soul BMS LLC","107-41 114th street",Queens,"New York",11419,40.682112,-73.826721,1,rooftop,107-41,"114th St",,,"South Richmond Hill",NY,"Queens County",11419,US,"City of New York"
11,"CIDP LLC","14-34 110thstr",Queens,"New York",11356,40.784563,-73.856946,1,rooftop,14-34,"110th St",,,"College Point",NY,"Queens County",11356,US,"City of New York"
12,"Citi Termite Control Inc","153-18 122nd Avenue",Queens,"New York",11434,40.677037,-73.78768,1,rooftop,153-18,"122nd Ave",,,Jamaica,NY,"Queens County",11434,US,"City of New York"
13,"Competent Safety Consulting, LLC","36-27 31st st.",Queens,"New York",11106,40.755716,-73.930221,1,rooftop,36-27,"31st St",,,Astoria,NY,"Queens County",11106,US,"City of New York"
14,"Creative Touch LLC","108-05 Astoria Blvd",Queens,"New York",11369,40.760557,-73.860691,1,rooftop,108-5,"Astoria Blvd",,,"East Elmhurst",NY,"Queens County",11369,US,"City of New York"
15,"De L'or Cakery Corporation","36-49 36th Street",Queens,"New York",11101,40.753348,-73.926498,1,rooftop,36-49,"36th St",,,Astoria,NY,"Queens County",11106,US,"City of New York"
16,"Eagle Express Security Services Inc","1036 McBride Street",Queens,"New York",11691,40.603236,-73.757832,1,rooftop,10-36,"McBride St",,,"Far Rockaway",NY,"Queens County",11691,US,"City of New York"
17,"Eco Geek Living, Inc.","54-40 Little Neck Road",Queens,"New York",11362,40.766061,-73.725616,0.95,rooftop,54-40,"Little Neck Pkwy",,,"Little Neck",NY,"Queens County",11362,US,"City of New York"
18,"Elie Security Services","150-02 88th Avenue apt f7",Queens,"New York",11432,40.705687,-73.80576,1,rooftop,150-2,"88th Ave",Apt,F7,Jamaica,NY,"Queens County",11432,US,"City of New York"
19,"EZ Brown LLC","197-15 111 Avenue",Queens,"New York",11412,40.703685,-73.758616,1,rooftop,197-15,"111th Ave",,,"Saint Albans",NY,"Queens County",11412,US,"City of New York"
20,"FogoAzul NYC LLC","3518 30th Street",Queens,"New York",11106,40.758065,-73.92985,1,rooftop,35-18,"30th St",,,Astoria,NY,"Queens County",11106,US,"City of New York"
21,"Hands in Unity","148-47 Brookville Blvd",Queens,"New York",11422,40.653522,-73.746096,1,rooftop,148-47,"Brookville Blvd",,,Rosedale,NY,"Queens County",11422,US,"City of New York"
22,"Immanuel Inc","213-03 Northern Blvd,",Queens,"New York",11361,40.760264,-73.770163,1,rooftop,213-3,"Northern Blvd",,,Bayside,NY,"Queens County",11361,US,"City of New York"
23,"ISS Action, Inc.","158-12 Rockaway Blvd.",Queens,"New York",11434,40.665167,-73.778797,1,rooftop,158-12,"Rockaway Blvd",,,Jamaica,NY,"Queens County",11434,US,"City of New York"
24,"Jontue Discount Boutique","1825 Mott Avenue",Queens,"New York",11691,40.602892,-73.750578,1,rooftop,18-25,"Mott Ave",,,"Far Rockaway",NY,"Queens County",11691,US,"City of New York"
25,"Knit Resort LLC","183-16 Jamaica Ave",Queens,"New York",11423,40.70881,-73.776379,1,rooftop,183-16,"Jamaica Ave",,,Hollis,NY,"Queens County",11423,US,"City of New York"
26,"MA Engineering, P.C.","172-43 Highland Avenue",Queens,"New York",11432,40.713558,-73.789897,1,rooftop,172-43,"Highland Ave",,,Jamaica,NY,"Queens County",11432,US,"City of New York"
27,"Michele Benjamin, LLC","78-14 Austin Street",Queens,"New York",11375,40.71328,-73.834278,1,rooftop,78-14,"Austin St",,,"Forest Hills",NY,"Queens County",11375,US,"City of New York"
28,"Olliver Law Firm, PLLC","34-18 Northern Boulevard",Queens,"New York",11101,40.751878,-73.92928,1,rooftop,34-18,"Northern Blvd",,,"Long Island City",NY,"Queens County",11101,US,"City of New York"
29,CEO,"115-102 217th Street",Queens,"New York",11411,40.69795,-73.741884,1,rooftop,115-102,"217th St",,,"Cambria Heights",NY,"Queens County",11411,US,"City of New York"
30,"Construction Concepts","1645 Jericho Turnpike",Queens,"New York",11040,40.734922,-73.676311,1,rooftop,1645,"Jericho Turnpike",,,"New Hyde Park",NY,"Nassau County",11040,US,"NYS GIS Program Office, State Geographic Information Officer (GIO)"
31,"Pacific Electrical Contracting, Inc.","103-19 101st avenue",Queens,"New York",11416,40.686305,-73.839287,1,rooftop,103-19,"101st Ave",,,"Ozone Park",NY,"Queens County",11416,US,"City of New York"
32,"Paramount Services Group, Inc.","65-30 Kissena Blvd",Queens,"New York",11367,40.735855,-73.815751,1,rooftop,65-30,"Kissena Blvd",,,Flushing,NY,"Queens County",11367,US,"City of New York"
33,"Parent Focus","116-16 Audley Street",Queens,"New York",11418,40.707939,-73.835708,1,rooftop,116-16,"Audley St",,,"Richmond Hill",NY,"Queens County",11418,US,"City of New York"
34,"Pollos Napoles Corp.","45-13 34th Avenue",Queens,"New York",11101,40.754642,-73.916207,1,rooftop,45-13,"34th Ave",,,"Long Island City",NY,"Queens County",11101,US,"City of New York"
35,"Powell's Quality Construction 2 Corp.","130-26 126th Street",Queens,"New York",11420,40.672071,-73.812841,1,rooftop,130-26,"126th St",,,"South Ozone Park",NY,"Queens County",11420,US,"City of New York"
36,"Powell's Quality Construction 2 Corp.","130-26 126th Street",Queens,"New York",11420,40.672071,-73.812841,1,rooftop,130-26,"126th St",,,"South Ozone Park",NY,"Queens County",11420,US,"City of New York"
37,"PREET & M CONSTRUCTION INC.","130-47 121 Street",Queens,"New York",11420,40.672378,-73.818163,1,rooftop,130-47,"121st St",,,"South Ozone Park",NY,"Queens County",11420,US,"City of New York"
38,"Priscila De Carvalho","34-01 38th avenue, studio #416",Queens,"New York",11101,40.752448,-73.929242,1,rooftop,34-1,"38th Ave",#,416,"Long Island City",NY,"Queens County",11101,US,"City of New York"
39,"Puerto Plata Seafood Corp","98-21 97th Avenue",Queens,"New York",11416,40.686978,-73.843533,1,rooftop,98-21,"97th Ave",,,"Ozone Park",NY,"Queens County",11416,US,"City of New York"
40,"Purewal Contractor Inc.","116-14 95th Avenue",Queens,"New York",11419,40.691706,-73.829131,1,rooftop,116-14,"95th Ave",,,"South Richmond Hill",NY,"Queens County",11419,US,"City of New York"
41,"Qie Visions LLC","4121 Denman Street",Queens,"New York",11373,40.746399,-73.87404,1,rooftop,41-21,"Denman St",,,Elmhurst,NY,"Queens County",11373,US,"City of New York"
42,"Rehoboth Care, Inc.","241-04 148th Road",Queens,"New York",11422,40.653854,-73.743124,1,rooftop,241-4,"148th Rd",,,Rosedale,NY,"Queens County",11422,US,"City of New York"
43,"Roy Farid LLP","206 Jericho Turnpike Fl 2",Queens,"New York",11001,40.72849,-73.703191,1,rooftop,206,"Jericho Turnpike",Fl,2,"Floral Park",NY,"Nassau County",11001,US,"NYS GIS Program Office, State Geographic Information Officer (GIO)"
44,"SAFETY ZONE TRANSPORT SERVICES","114-33 148th Street",Queens,"New York",11436,40.684945,-73.794866,1,rooftop,114-33,"148th St",,,Jamaica,NY,"Queens County",11436,US,"City of New York"
45,"Sano Nuts & Dry Fruit LLC","8601 Range Street",Queens,"New York",11427,40.732833,-73.732982,1,rooftop,86-1,"Range St",,,"Queens Village",NY,"Queens County",11427,US,"City of New York"
46,"Shari's Tea","28-10 Jackson Ave",Queens,"New York",11101,40.748249,-73.938705,1,rooftop,28-10,"Jackson Ave",,,"Long Island City",NY,"Queens County",11101,US,"City of New York"
47,"Stonehill Construction Service Inc","28-07 Jackson Ave",Queens,"New York",11101,40.748605,-73.938884,1,rooftop,28-7,"Jackson Ave",,,"Long Island City",NY,"Queens County",11101,US,"City of New York"
48,"StrivEquity Consulting LLC","34-18 Northern Blvd",Queens,"New York",11101,40.751878,-73.92928,1,rooftop,34-18,"Northern Blvd",,,"Long Island City",NY,"Queens County",11101,US,"City of New York"
49,"Success in Reading","118-11 Sutphin Blvd",Queens,"New York",11434,40.679443,-73.79161,1,rooftop,118-11,"Sutphin Blvd",,,Jamaica,NY,"Queens County",11434,US,"City of New York"
50,"TNT Industries, Inc.","180-02  137th Avenue",Queens,"New York",11434,40.676489,-73.756692,0.96,rooftop,180-2,"137th Ave",,,"Springfield Gardens",NY,"Queens County",11413,US,"City of New York"
51,"Troolie Construction Inc.","115 55 LEFFERTS BLVD",Queens,"New York",11420,40.675329,-73.819104,1,rooftop,115-55,"Lefferts Blvd",,,"South Ozone Park",NY,"Queens County",11420,US,"City of New York"
52,"Universal Construction Resources, Inc.","6600 Queens Midtown Expwy",Queens,"New York",11378,40.725673,-73.899808,1,range_interpolation,6600,"Queens Midtown Expy",,,Maspeth,NY,"Queens County",11378,US,"TIGER/Line® dataset from the US Census Bureau"
53,"Universal Construction Resources, Inc.","6600 Queens Midtown Expwy",Queens,"New York",11378,40.725673,-73.899808,1,range_interpolation,6600,"Queens Midtown Expy",,,Maspeth,NY,"Queens County",11378,US,"TIGER/Line® dataset from the US Census Bureau"
54,"W, Scully CPA PC","10814 72nd Avenue",Queens,"New York",11375,40.719712,-73.842251,1,rooftop,108-14,"72nd Ave",,,"Forest Hills",NY,"Queens County",11375,US,"City of New York"
55,"Worldwide Access","82-36 242nd Street",Queens,"New York",11426,40.736602,-73.725763,1,rooftop,82-36,"242nd St",,,Bellerose,NY,"Queens County",11426,US,"City of New York"
56,"Z & T Engineering, P.C.","38-08 Union Street",Queens,"New York",11354,40.761327,-73.82718,1,rooftop,38-8,"Union St",,,Flushing,NY,"Queens County",11354,US,"City of New York"
