,vendor_name,address_line_1,city,state,zip,Latitude,Longitude,"Accuracy Score","Accuracy Type",Number,Street,"Unit Type","Unit Number",City,State,County,Zip,Country,Source
1,"4 Angels Day Care Inc.","245 Simonson Avenue","Staten Island","New York",10303,40.630459,-74.152209,1,rooftop,245,"Simonson Ave",,,"Staten Island",NY,"Richmond County",10303,US,"City of New York"
2,"5050 Skatepark LLC","354 Front Street","Staten Island","New York",10304,40.62805,-74.074489,1,rooftop,354,"Front St",,,"Staten Island",NY,"Richmond County",10304,US,"City of New York"
3,"A  Plus Asbestos Investigation Inc","634 Katan Avenue","Staten Island","New York",10312,40.550332,-74.168174,1,rooftop,634,"Katan Ave",,,"Staten Island",NY,"Richmond County",10312,US,"City of New York"
4,"A C Security Management","396-B  Lake Avenue","Staten Island","New York",10303,40.626259,-74.152256,1,rooftop,396,"Lake Ave",,,"Staten Island",NY,"Richmond County",10303,US,"City of New York"
5,"A Plus Tape & Packaging Supply, Co.","113 Maguire Avenue","Staten Island","New York",10309,40.528249,-74.210537,1,rooftop,113,"Maguire Ave",,,"Staten Island",NY,"Richmond County",10309,US,"City of New York"
6,"A.S.A.R. International Corp.","491 Wild Avenue","Staten Island","New York",10314,40.586359,-74.196573,1,rooftop,491,"Wild Ave",,,"Staten Island",NY,"Richmond County",10314,US,"City of New York"
7,"A+ Expediting Inc.","531 Forest Avenue, suite 1R","Staten Island","New York",10310,40.630444,-74.107911,1,rooftop,531,"Forest Ave",Ste,1,"Staten Island",NY,"Richmond County",10310,US,"City of New York"
8,"Accord Enterprise Corp.","253 New Dorp Ln","Staten Island","New York",10306,40.572753,-74.113784,1,rooftop,253,"New Dorp Ln",,,"Staten Island",NY,"Richmond County",10306,US,"City of New York"
9,"ACT Care Group","1698 Victory Boulevard","Staten Island","New York",10314,40.613066,-74.120245,1,rooftop,1698,"Victory Blvd",,,"Staten Island",NY,"Richmond County",10314,US,"City of New York"
10,"Adco Electrical Corp.","201 Edward Curry Avenue","Staten Island","New York",10314,40.610969,-74.183797,1,rooftop,201,"Edward Curry Ave",,,"Staten Island",NY,"Richmond County",10314,US,"City of New York"
11,"JAG Heating","102 St. Andrews Road","Staten Island","New York",10306,40.575631,-74.130406,1,rooftop,102,"St Andrews Rd",,,"Staten Island",NY,"Richmond County",10306,US,"City of New York"
12,"Afua Asamoah","490 Morningstar Road","Staten Island","New York",10303,40.626512,-74.148589,1,rooftop,490,"Morningstar Rd",,,"Staten Island",NY,"Richmond County",10303,US,"City of New York"
13,"AJM contracting LLC","15-12 Drumgoole Road","Staten Island","New York",10309,40.558913,-74.169948,0.9,nearest_rooftop_match,12,"Drumgoole Rd E",,,"Staten Island",NY,"Richmond County",10312,US,"City of New York"
14,"Comfort Inn Staten Island","310 Wild Ave","Staten Island","New York",10314,40.58626,-74.190118,1,rooftop,310,"Wild Ave",,,"Staten Island",NY,"Richmond County",10314,US,"City of New York"
15,"Albion Sheet Metal","668 Richmond Road","Staten Island","New York",10304,40.610244,-74.089122,1,rooftop,668,"Richmond Rd",,,"Staten Island",NY,"Richmond County",10304,US,"City of New York"
16,"Tiny Treasures Daycare","360 VANDUZER STREET","Staten Island","New York",10304,40.629478,-74.079573,1,rooftop,360,"Van Duzer St",,,"Staten Island",NY,"Richmond County",10304,US,"City of New York"
17,"All Pro Electric Controls Corp.","166 East Industrial Loop","Staten Island","New York",10309,40.549995,-74.23102,1,rooftop,166,"Industrial Loop",,,"Staten Island",NY,"Richmond County",10309,US,"City of New York"
18,"All Saints Enterprises LLC","600 Gulf Ave","Staten Island","New York",10314,40.615199,-74.179639,1,rooftop,600,"Gulf Ave",,,"Staten Island",NY,"Richmond County",10314,US,"City of New York"
19,"Alliance Tri-State Construction, Inc.","3635 Richmond Avenue","Staten Island","New York",10312,40.549416,-74.166953,1,rooftop,3635,"Richmond Ave",,,"Staten Island",NY,"Richmond County",10312,US,"City of New York"
20,"Alliance Tri-State Maintenance Corp","3635 Richmond Avenue","Staten Island","New York",10312,40.549416,-74.166953,1,rooftop,3635,"Richmond Ave",,,"Staten Island",NY,"Richmond County",10312,US,"City of New York"
21,"Alpha Medical Waste Removal Inc","156 Prescott Ave","Staten Island","New York",10306,40.577029,-74.109546,1,rooftop,156,"Prescott Ave",,,"Staten Island",NY,"Richmond County",10306,US,"City of New York"
22,"American & International Designs Inc.","1110 South Avenue","Staten Island","New York",10314,40.613817,-74.176828,1,rooftop,1110,"South Ave",,,"Staten Island",NY,"Richmond County",10314,US,"City of New York"
23,"AMR General Construction, Inc","426 Neckar Ave","Staten Island","New York",10304,40.608026,-74.084786,1,rooftop,426,"Neckar Ave",,,"Staten Island",NY,"Richmond County",10304,US,"City of New York"
24,"Anaktora Mechanical LLC","460 Wild Avenue","Staten Island","New York",11314,40.58571,-74.196239,0.9,rooftop,460,"Wild Ave",,,"Staten Island",NY,"Richmond County",10314,US,"City of New York"
25,"AP Engineering P.C.","201 Arlington Avenue, Suite 2F","Staten Island","New York",10303,40.635379,-74.16736,1,rooftop,201,"Arlington Ave",Ste,2,"Staten Island",NY,"Richmond County",10303,US,"City of New York"
26,"Apache Environmental","442 Northfield Ave","Staten Island","New York",10303,40.628863,-74.168912,1,rooftop,442,"Northfield Ave",,,"Staten Island",NY,"Richmond County",10303,US,"City of New York"
27,"Areas Trans Inc","5230 Arthur Kill Road","Staten Island","New York",10307,40.515349,-74.244231,1,rooftop,5230,"Arthur Kill Rd",,,"Staten Island",NY,"Richmond County",10307,US,"City of New York"
28,"Areas Trans Inc","5230 Arthur Kill Road","Staten Island","New York",10307,40.515349,-74.244231,1,rooftop,5230,"Arthur Kill Rd",,,"Staten Island",NY,"Richmond County",10307,US,"City of New York"
29,"Arrowhead Enterprises Inc.","435 Northfield Avenue","Staten Island","New York",10303,40.628975,-74.168365,1,range_interpolation,435,"Northfield Ave",,,"Staten Island",NY,"Richmond County",10303,US,"TIGER/Line® dataset from the US Census Bureau"
30,"ASC Builders Inc","3761 Hylan Blvd","Staten Island","New York",10308,40.547254,-74.140651,1,rooftop,3761,"Hylan Blvd",,,"Staten Island",NY,"Richmond County",10308,US,"City of New York"
31,"ASM Construction of NY Corp.","152 Watchogue Road","Staten Island","New York",10314,40.615395,-74.13443,1,rooftop,152,"Watchogue Rd",,,"Staten Island",NY,"Richmond County",10314,US,"City of New York"
32,"Athletic Edge Sports Center","10 Nassau Pl","Staten Island","New York",10307,40.518071,-74.239601,1,rooftop,10,"Nassau Pl",,,"Staten Island",NY,"Richmond County",10307,US,"City of New York"
33,"Atlas Reporting, LLC","52 Salamander Court","Staten Island","New York",10309,40.538412,-74.223258,1,rooftop,52,"Salamander Ct",,,"Staten Island",NY,"Richmond County",10309,US,"City of New York"
34,"Avalon Construction Corp","326 Doane Avenue","Staten Island","New York",10308,40.557526,-74.156404,1,rooftop,326,"Doane Ave",,,"Staten Island",NY,"Richmond County",10308,US,"City of New York"
35,"Awomi Naturals LLC","89 Arlington Ave","Staten Island","New York",10303,40.638081,-74.167173,1,rooftop,89,"Arlington Ave",,,"Staten Island",NY,"Richmond County",10303,US,"City of New York"
36,"Axa Professionals LLC","723 Maguire Ave.","Staten Island","New York",10309,40.544496,-74.211841,1,rooftop,723,"Maguire Ave",,,"Staten Island",NY,"Richmond County",10309,US,"City of New York"
37,"Barbara Young Medical Billing Services Inc","900 South Avenue","Staten Island","New York",10314,40.616788,-74.172705,1,rooftop,900,"South Ave",,,"Staten Island",NY,"Richmond County",10314,US,"City of New York"
38,"Beacon Land Services Inc.","623 North Railroad Avenue","Staten Island","New York",10304,40.58951,-74.095744,1,rooftop,623,"N Railroad Ave",,,"Staten Island",NY,"Richmond County",10304,US,"City of New York"
39,"Ben's Handyman Inc.","22 Laredo Avenue","Staten Island","New York",10312,40.549626,-74.16826,1,rooftop,22,"Laredo Ave",,,"Staten Island",NY,"Richmond County",10312,US,"City of New York"
40,"BK2PR Catering, LLC","48 Francesca Lane","Staten Island","New York",10303,40.623935,-74.160624,1,rooftop,48,"Francesca Ln",,,"Staten Island",NY,"Richmond County",10303,US,"City of New York"
41,"Blade Contracting Inc.","188 Van Buren Street","Staten Island","New York",10301,40.643989,-74.095172,1,rooftop,188,"Van Buren St",,,"Staten Island",NY,"Richmond County",10301,US,"City of New York"
42,"BMF Professional Services Inc.","29 Madan Court","Staten Island","New York",10314,40.620117,-74.15407,1,rooftop,29,"Madan Ct",,,"Staten Island",NY,"Richmond County",10314,US,"City of New York"
43,"Bobby Restorations Inc.","62 Cooke Street","Staten Island","New York",10314,40.617133,-74.159221,1,rooftop,62,"Cooke St",,,"Staten Island",NY,"Richmond County",10314,US,"City of New York"
44,"Bogat LLC","165 Trantor Place","Staten Island","New York",10302,40.629909,-74.143992,1,rooftop,165,"Trantor Pl",,,"Staten Island",NY,"Richmond County",10302,US,"City of New York"
45,"Boville Enterprises LLC","48 Dutchess Avenue","Staten Island","New York",10304,40.597088,-74.097653,1,rooftop,48,"Dutchess Ave",,,"Staten Island",NY,"Richmond County",10304,US,"City of New York"
46,"Bravo Construction NY, Corp.","236 Nome Ave","Staten Island","New York",10314,40.586601,-74.158987,1,rooftop,236,"Nome Ave",,,"Staten Island",NY,"Richmond County",10314,US,"City of New York"
47,"Breen Bros Towing Inc.","566 Industrial Loop","Staten Island","New York",10309,40.546893,-74.230386,1,rooftop,566,"Industrial Loop",,,"Staten Island",NY,"Richmond County",10309,US,"City of New York"
48,"Breland Solutions, LLC","222 Jamie Lane","Staten Island","New York",10312,40.561879,-74.18449,1,rooftop,222,"Jamie Ln",,,"Staten Island",NY,"Richmond County",10312,US,"City of New York"
49,"Bright Start Speech Pathology and Language PC","3767 Richmond Avenue","Staten Island","New York",10312,40.546431,-74.165775,1,rooftop,3767,"Richmond Ave",,,"Staten Island",NY,"Richmond County",10312,US,"City of New York"
50,"Broadway Paving Inc.","514 Industrial Loop","Staten Island","New York",10309,40.547513,-74.231295,1,range_interpolation,514,"Industrial Loop",,,"Staten Island",NY,"Richmond County",10309,US,"TIGER/Line® dataset from the US Census Bureau"
51,"C&M Alpha Dental Studio Inc.","4066  Amboy Road","Staten Island","New York",10308,40.549226,-74.152404,1,rooftop,4066,"Amboy Rd",,,"Staten Island",NY,"Richmond County",10308,US,"City of New York"
52,"C. B. Mills Electric LLC","1076 Castleton Avenue","Staten Island","New York",10310,40.634335,-74.118544,1,rooftop,1076,"Castleton Ave",,,"Staten Island",NY,"Richmond County",10310,US,"City of New York"
53,"C.A.M. Construction Corporation","143 Shirley Avenue","Staten Island","New York",10312,40.534364,-74.161778,1,rooftop,143,"Shirley Ave",,,"Staten Island",NY,"Richmond County",10312,US,"City of New York"
54,"C.B. Contracting Corporation","4118 Victory Blvd.","Staten Island","New York",10314,40.591394,-74.191029,1,rooftop,4118,"Victory Blvd",,,"Staten Island",NY,"Richmond County",10314,US,"City of New York"
55,"Cabaret Tent & Party Rental","2704 Arthur Kill Road","Staten Island","New York",10309,40.549499,-74.221938,1,rooftop,2704,"Arthur Kill Rd",,,"Staten Island",NY,"Richmond County",10309,US,"City of New York"
56,"CAG Construction Corp.","3225 Victory Boulevard - Suite 1A","Staten Island","New York",10314,40.606786,-74.166954,1,rooftop,3225,"Victory Blvd",Ste,1,"Staten Island",NY,"Richmond County",10314,US,"City of New York"
57,"Card Heating & Cooling, Inc.","43 Broad Street","Staten Island","New York",10304,40.62561,-74.07682,1,rooftop,43,"Broad St",,,"Staten Island",NY,"Richmond County",10304,US,"City of New York"
58,"CGM Renovations Inc.","123 Palmer Avenue","Staten Island","New York",10302,40.632538,-74.134876,1,rooftop,123,"Palmer Ave",,,"Staten Island",NY,"Richmond County",10302,US,"City of New York"
59,"Champion International Construction Corp.","266 Watchogue Road","Staten Island","New York",10314,40.615999,-74.138284,1,rooftop,266,"Watchogue Rd",,,"Staten Island",NY,"Richmond County",10314,US,"City of New York"
60,"Champion International Construction Corp.","266 Watchogue Road","Staten Island","New York",10314,40.615999,-74.138284,1,rooftop,266,"Watchogue Rd",,,"Staten Island",NY,"Richmond County",10314,US,"City of New York"
61,"Christianne and Company Corp","99 Elizabeth Street","Staten Island","New York",10310,40.63167,-74.120152,1,rooftop,99,"Elizabeth St",,,"Staten Island",NY,"Richmond County",10310,US,"City of New York"
62,"Clean Perfect Janitorial LLC","83 Waterbury Avenue","Staten Island","New York",10309,40.525391,-74.201983,1,rooftop,83,"Waterbury Ave",,,"Staten Island",NY,"Richmond County",10309,US,"City of New York"
63,"Coast to Coast Contracting Group, Inc.","145 Lincoln Avenue","Staten Island","New York",10306,40.578839,-74.107146,1,rooftop,145,"Lincoln Ave",,,"Staten Island",NY,"Richmond County",10306,US,"City of New York"
64,"Coil Techs HVAC Services, Inc.","76 Midland Avenue","Staten Island","New York",10306,40.58095,-74.108234,1,rooftop,76,"Midland Ave",,,"Staten Island",NY,"Richmond County",10306,US,"City of New York"
65,"Cole Partners, Inc.","66 Broadway","Staten Island","New York",10310,40.639606,-74.118484,1,rooftop,66,Broadway,,,"Staten Island",NY,"Richmond County",10310,US,"City of New York"
66,"Construction Resources Corp of New York","221 Hunter Avenue","Staten Island","New York",10306,40.580347,-74.101298,1,rooftop,221,"Hunter Ave",,,"Staten Island",NY,"Richmond County",10306,US,"City of New York"
67,"CRM Management Services LLC","29 Herbert Street","Staten Island","New York",10309,40.524983,-74.199814,1,rooftop,29,"Herbert St",,,"Staten Island",NY,"Richmond County",10309,US,"City of New York"
68,"Crystal II Auto Glass, Inc.","15 Storer Ave Unit F","Staten Island","New York",10309,40.539019,-74.237023,1,rooftop,15,"Storer Ave",Ste,F,"Staten Island",NY,"Richmond County",10309,US,"City of New York"
69,"cWave Labs","210 Ward Ave","Staten Island","New York",10304,40.631497,-74.084274,1,rooftop,210,"Ward Ave",,,"Staten Island",NY,"Richmond County",10304,US,"City of New York"
70,CynthCloset,"258 Gordon Street FLR 1","Staten Island","New York",10304,40.620985,-74.08345,1,rooftop,258,"Gordon St",Apt,1,"Staten Island",NY,"Richmond County",10304,US,"City of New York"
71,"D & N Construction & Consulting Inc","2372 Arthur Kill Rd","Staten Island","New York",10309,40.555477,-74.214696,1,rooftop,2372,"Arthur Kill Rd",,,"Staten Island",NY,"Richmond County",10309,US,"City of New York"
72,"DAE Management Services LLC","264 Jamie Ln","Staten Island","New York",10312,40.561232,-74.183931,1,rooftop,264,"Jamie Ln",,,"Staten Island",NY,"Richmond County",10312,US,"City of New York"
73,"Dane Elliott Licensed Electrical Contractor","266 Sharpe Avenue","Staten Island","New York",10302,40.633817,-74.137978,1,rooftop,266,"Sharpe Ave",,,"Staten Island",NY,"Richmond County",10302,US,"City of New York"
74,"Data Comm Consulting Group, Inc.","57 Beach Street 2nd Floor","Staten Island","New York",10304,40.628138,-74.077999,1,rooftop,57,"Beach St",Ste,2,"Staten Island",NY,"Richmond County",10304,US,"City of New York"
75,"DDiLeon Insurance Agency, LLC","57 Gary Place","Staten Island","New York",10314,40.599755,-74.165392,1,rooftop,57,"Gary Pl",,,"Staten Island",NY,"Richmond County",10314,US,"City of New York"
76,"Dean Restoration Inc.","216 Hamden Avenue","Staten Island","New York",10306,40.579576,-74.102186,1,rooftop,216,"Hamden Ave",,,"Staten Island",NY,"Richmond County",10306,US,"City of New York"
77,"Design Construction Division Inc","19 Livermore Avenue","Staten Island","New York",10302,40.62357,-74.137144,1,rooftop,19,"Livermore Ave",,,"Staten Island",NY,"Richmond County",10302,US,"City of New York"
78,"DeSimone Contracting Inc.","145 Oakdale Street","Staten Island","New York",10308,40.545119,-74.156581,1,rooftop,145,"Oakdale St",,,"Staten Island",NY,"Richmond County",10308,US,"City of New York"
79,"Dior Consultants LLC","28 Pommer Ave","Staten Island","New York",10304,40.630194,-74.083915,1,rooftop,28,"Pommer Ave",,,"Staten Island",NY,"Richmond County",10304,US,"City of New York"
80,"DiResta Communications, Inc.","198 Ward Avenue","Staten Island","New York",10304,40.631797,-74.084029,1,rooftop,198,"Ward Ave",,,"Staten Island",NY,"Richmond County",10304,US,"City of New York"
81,"DNV Equipment Corp.","708 Sharrotts Road","Staten Island","New York",10309,40.538904,-74.241442,1,rooftop,708,"Sharrotts Rd",,,"Staten Island",NY,"Richmond County",10309,US,"City of New York"
82,"Double A Ventures, LLC","125B Harbor Loop","Staten Island","New York",10303,40.632436,-74.161454,1,rooftop,125,"Harbor Loop",,,"Staten Island",NY,"Richmond County",10303,US,"City of New York"
83,"Durable Kitchen Supply And Installation Inc.","1 Spring Street","Staten Island","New York",10304,40.6034,-74.092795,1,rooftop,1,"Spring St",,,"Staten Island",NY,"Richmond County",10304,US,"City of New York"
84,"Eastern Plumbing & Mechanical Contracting Inc.","5077 Arthur Kill Road","Staten Island","New York",10307,40.518309,-74.240486,1,range_interpolation,5077,"Arthur Kill Rd",,,"Staten Island",NY,"Richmond County",10307,US,"TIGER/Line® dataset from the US Census Bureau"
85,"Effective Communication NY LLC","195 Crown Avenue","Staten Island","New York",10312,40.549913,-74.186704,1,rooftop,195,"Crown Ave",,,"Staten Island",NY,"Richmond County",10312,US,"City of New York"
86,"Elite Mobile Drug Testing of NYC Inc.","53 Jarvis Avenue","Staten Island","New York",10312,40.524549,-74.180526,1,rooftop,53,"Jarvis Ave",,,"Staten Island",NY,"Richmond County",10312,US,"City of New York"
87,"Richmond Tours","101 Seaview Ave","Staten Island","New York",10304,40.589615,-74.097933,1,rooftop,101,"Seaview Ave",,,"Staten Island",NY,"Richmond County",10304,US,"City of New York"
88,"Elleon Group Corporation","220 London Road","Staten Island","New York",10306,40.578601,-74.134488,1,rooftop,220,"London Rd",,,"Staten Island",NY,"Richmond County",10306,US,"City of New York"
89,"Eman Vision, Inc.","252A Lake Avenue","Staten Island","New York",10303,40.630167,-74.151631,1,rooftop,252,"Lake Ave",,,"Staten Island",NY,"Richmond County",10303,US,"City of New York"
90,"Energy Brite Insulation and Solar Corporation","164 Wood Avenue","Staten Island","New York",10307,40.51316,-74.24445,1,rooftop,164,"Wood Ave",,,"Staten Island",NY,"Richmond County",10307,US,"City of New York"
91,"Events By Pop Up Chic LLC","327a Mersereau Avenue","Staten Island","New York",10303,40.629904,-74.16351,1,rooftop,327,"Mersereau Ave",,,"Staten Island",NY,"Richmond County",10303,US,"City of New York"
92,"Exclusive Land Services, Inc","313 Sand Lane, 2nd Floor Front","Staten Island","New York",10305,40.592266,-74.067867,1,rooftop,313,"Sand Ln",Ste,2,"Staten Island",NY,"Richmond County",10305,US,"City of New York"
93,"Expedient Staffing Solutions, Inc","870 Stratford Ave","Staten Island","New York",10309,40.619423,-74.094149,0.69,street_center,,"Stratford Ave",,,"Staten Island",NY,"Richmond County",10301,US,"TIGER/Line® dataset from the US Census Bureau"
94,"Expedite-Dem, Inc.","99 Darcey Avenue","Staten Island","New York",10314,40.608425,-74.15232,1,rooftop,99,"Darcey Ave",,,"Staten Island",NY,"Richmond County",10314,US,"City of New York"
95,"Express Abstract Services Inc.","2047 Victory Boulevard","Staten Island","New York",10314,40.612631,-74.131721,1,rooftop,2047,"Victory Blvd",,,"Staten Island",NY,"Richmond County",10314,US,"City of New York"
96,"Fadmo Health and Homecare Agency Inc.","194 Targee Street","Staten Island","New York",10304,40.622424,-74.08422,1,rooftop,194,"Targee St",,,"Staten Island",NY,"Richmond County",10304,US,"City of New York"
97,"Family Tree Service, Inc.","110A Dinsmore Street","Staten Island","New York",10314,40.603908,-74.170925,1,rooftop,110,"Dinsmore St",,,"Staten Island",NY,"Richmond County",10314,US,"City of New York"
98,"FCG Facilities Maintenance LLC","401 Bloomingdale Rd","Staten Island","New York",10309,40.534693,-74.217979,1,rooftop,401,"Bloomingdale Rd",,,"Staten Island",NY,"Richmond County",10309,US,"City of New York"
99,"FDPS 78 LLC","78 Shadow Lane","Staten Island","New York",10306,40.567942,-74.128805,1,rooftop,78,"Shadow Ln",,,"Staten Island",NY,"Richmond County",10306,US,"City of New York"
100,"Follow Your Bliss LLC","133 Robinson Avenue","Staten Island","New York",10312,40.537669,-74.151409,1,rooftop,133,"Robinson Ave",,,"Staten Island",NY,"Richmond County",10312,US,"City of New York"
101,"Foster Care Unplugged","1324 Forest Avenue","Staten Island","New York",10302,40.6261,-74.133867,1,rooftop,1324,"Forest Ave",,,"Staten Island",NY,"Richmond County",10302,US,"City of New York"
102,"Full Color Printing LLC","69 New St","Staten Island","New York",10302,40.63591,-74.131296,1,rooftop,69,"New St",,,"Staten Island",NY,"Richmond County",10302,US,"City of New York"
103,"Future Focus Consulting, LLC","216 Netherland Ave","Staten Island","New York",10303,40.628554,-74.155892,1,rooftop,216,"Netherland Ave",,,"Staten Island",NY,"Richmond County",10303,US,"City of New York"
104,"Kiddie Academy Daycare Center of SI","1110 South Avenue","Staten Island","New York",10314,40.613817,-74.176828,1,rooftop,1110,"South Ave",,,"Staten Island",NY,"Richmond County",10314,US,"City of New York"
105,"G and F Supply","1669 Richmond Rd","Staten Island","New York",10304,40.589247,-74.101834,1,rooftop,1669,"Richmond Rd",,,"Staten Island",NY,"Richmond County",10304,US,"City of New York"
106,"GDL 108 Inc.","108 Canal Street","Staten Island","New York",10304,40.626432,-74.077178,1,rooftop,108,"Canal St",,,"Staten Island",NY,"Richmond County",10304,US,"City of New York"
107,"Gem Quality Corp.","56 Sands Street","Staten Island","New York",10304,40.629226,-74.077398,1,rooftop,56,"Sands St",,,"Staten Island",NY,"Richmond County",10304,US,"City of New York"
108,"Gift of Experience LLC","257 Bement Avenue","Staten Island","New York",10310,40.635973,-74.112255,1,rooftop,257,"Bement Ave",,,"Staten Island",NY,"Richmond County",10310,US,"City of New York"
109,"Global Integrated Supply","80 Bay Street Landing","Staten Island","New York",10301,40.639326,-74.07374,1,rooftop,80,"Bay St Lndg",,,"Staten Island",NY,"Richmond County",10301,US,"City of New York"
110,"Global Empire Logistics, Inc.","73 Hope Avenue","Staten Island","New York",10305,40.609786,-74.065993,1,rooftop,73,"Hope Ave",,,"Staten Island",NY,"Richmond County",10305,US,"City of New York"
111,"Globe Renovation Inc","111  Greeley Avenue","Staten Island","New York",10306,40.578439,-74.109791,1,rooftop,111,"Greeley Ave",,,"Staten Island",NY,"Richmond County",10306,US,"City of New York"
112,"GMA Electrical Corporation","201 Edward Curry Avenue","Staten Island","New York",10314,40.610969,-74.183797,1,rooftop,201,"Edward Curry Ave",,,"Staten Island",NY,"Richmond County",10314,US,"City of New York"
113,"Gomez Engineering, PLLC","6 Fonda Place","Staten Island","New York",10309,40.529204,-74.21074,1,rooftop,6,"Fonda Pl",,,"Staten Island",NY,"Richmond County",10309,US,"City of New York"
114,"Gotham Lighting Supply","245 Hooker Place","Staten Island","New York",10303,40.632144,-74.147227,1,rooftop,245,"Hooker Pl",,,"Staten Island",NY,"Richmond County",10303,US,"City of New York"
115,"Granite Avenue Utility Corp.","133 Granite Avenue","Staten Island","New York",10303,40.633919,-74.147733,1,rooftop,133,"Granite Ave",,,"Staten Island",NY,"Richmond County",10303,US,"City of New York"
116,"Green Path Environmental, Inc.","26 Ramblewood Avenue","Staten Island","New York",10308,40.543164,-74.152894,1,rooftop,26,"Ramblewood Ave",,,"Staten Island",NY,"Richmond County",10308,US,"City of New York"
117,"Grymes Hill Consultants, LLC","200 Duncan Road","Staten Island","New York",10301,40.621833,-74.091792,1,rooftop,200,"Duncan Rd",,,"Staten Island",NY,"Richmond County",10301,US,"City of New York"
118,"Halo Architecture PLLC","2744 Hylan Blvd","Staten Island","New York",10306,40.56467,-74.113796,1,rooftop,2744,"Hylan Blvd",,,"Staten Island",NY,"Richmond County",10306,US,"City of New York"
119,"Hamalia Restoration Corp.","576 Cary Avenue","Staten Island","New York",10310,40.631994,-74.121174,1,rooftop,576,"Cary Ave",,,"Staten Island",NY,"Richmond County",10310,US,"City of New York"
120,"Hat-Trick Safety, Inc.","1655 Richmond Avenue","Staten Island","New York",10314,40.60777,-74.162195,1,rooftop,1655,"Richmond Ave",,,"Staten Island",NY,"Richmond County",10314,US,"City of New York"
121,"Hays CPA LLC","370 Saint Marks Pl","Staten Island","New York",10301,40.640605,-74.07782,1,rooftop,370,"St Marks Pl",,,"Staten Island",NY,"Richmond County",10301,US,"City of New York"
122,"Healthier Minds Psychoanalysis and Psychological Services, PLLC","333 Glen Avenue","Staten Island","New York",10301,40.633242,-74.090201,1,rooftop,333,"Glen Ave",,,"Staten Island",NY,"Richmond County",10301,US,"City of New York"
123,"Henry Marine Services, Inc.","12 Craig Avenue","Staten Island","New York",10307,40.516504,-74.237485,1,rooftop,12,"Craig Ave",,,"Staten Island",NY,"Richmond County",10307,US,"City of New York"
124,"HERShot! Productions, LLC","27 Crescent Avenue","Staten Island","New York",10301,40.643929,-74.0831,1,rooftop,27,"Crescent Ave",,,"Staten Island",NY,"Richmond County",10301,US,"City of New York"
125,"HighFort Construction of New York","180 Hickory Avenue","Staten Island","New York",10305,40.593032,-74.072221,1,rooftop,180,"Hickory Ave",,,"Staten Island",NY,"Richmond County",10305,US,"City of New York"
126,"Hillside Gourmet","1664 Richmond Road","Staten Island","New York",10304,40.589382,-74.101275,1,rooftop,1664,"Richmond Rd",,,"Staten Island",NY,"Richmond County",10304,US,"City of New York"
127,"Holiday Helpings","104 Evergreen Street","Staten Island","New York",10308,40.557985,-74.140723,1,rooftop,104,"Evergreen St",,,"Staten Island",NY,"Richmond County",10308,US,"City of New York"
128,"Home Away From Home Commercial & Residential Construction","91 Townsend Ave","Staten Island","New York",10304,40.6198,-74.074181,1,rooftop,91,"Townsend Ave",,,"Staten Island",NY,"Richmond County",10304,US,"City of New York"
129,"Hope Home Care Inc.","26 Dumont Avenue","Staten Island","New York",10305,40.594941,-74.087318,1,rooftop,26,"Dumont Ave",,,"Staten Island",NY,"Richmond County",10305,US,"City of New York"
130,"Huicatao Corp.","72 Sharrott Ave Unit H","Staten Island","New York",10309,40.522217,-74.213839,1,rooftop,72,"Sharrott Ave",Ste,H,"Staten Island",NY,"Richmond County",10309,US,"City of New York"
131,"HW Construction LLC","72 Tompkins Circle","Staten Island","New York",10301,40.637014,-74.079314,1,rooftop,72,"Tompkins Cir",,,"Staten Island",NY,"Richmond County",10301,US,"City of New York"
132,"i tech auto technologies","309 Van Name Avenue","Staten Island","New York",10303,40.628258,-74.153908,1,rooftop,309,"Van Name Ave",,,"Staten Island",NY,"Richmond County",10303,US,"City of New York"
133,"IAG Electric, Inc.","516 Industrial Loop, Suite 201","Staten Island","New York",10309,40.548305,-74.231381,1,rooftop,516,"Industrial Loop",Ste,201,"Staten Island",NY,"Richmond County",10309,US,"City of New York"
134,"Ibex Contracting Inc","70 William Avenue","Staten Island","New York",10308,40.539529,-74.15151,1,rooftop,70,"William Ave",,,"Staten Island",NY,"Richmond County",10308,US,"City of New York"
135,"CBE Consulting","23 Emeric Court","Staten Island","New York",10303,40.636634,-74.150087,1,rooftop,23,"Emeric Ct",,,"Staten Island",NY,"Richmond County",10303,US,"City of New York"
136,"Inline Cable Technologies","5 Fremont Ave","Staten Island","New York",10306,40.58075,-74.112577,1,rooftop,5,"Fremont Ave",,,"Staten Island",NY,"Richmond County",10306,US,"City of New York"
137,"InOut Cleaning Services, LLC","30 Daniel Low Terrace","Staten Island","New York",10301,40.643701,-74.08185,1,rooftop,30,"Daniel Low Ter",,,"Staten Island",NY,"Richmond County",10301,US,"City of New York"
138,"Integrity Senior Services","2381 Hylan Blvd","Staten Island","New York",10306,40.57313,-74.107517,1,rooftop,2381,"Hylan Blvd",,,"Staten Island",NY,"Richmond County",10306,US,"City of New York"
139,"Intentional Excellence, LLC","69 Hillside Avenue","Staten Island","New York",10301,40.617931,-74.091985,1,rooftop,69,"Hillside Ave",,,"Staten Island",NY,"Richmond County",10304,US,"City of New York"
140,ICP,"20 Clifton Avenue","Staten Island","New York",10305,40.61589,-74.064572,1,rooftop,20,"Clifton Ave",,,"Staten Island",NY,"Richmond County",10305,US,"City of New York"
141,"ITEC Maintenance, Inc.","861 Targee Street","Staten Island","New York",10304,40.607093,-74.089812,1,rooftop,861,"Targee St",,,"Staten Island",NY,"Richmond County",10304,US,"City of New York"
142,"J&J Academy Incorporated","55 Wyona Avenue","Staten Island","New York",10314,40.61038,-74.149129,1,rooftop,55,"Wyona Ave",,,"Staten Island",NY,"Richmond County",10314,US,"City of New York"
143,"J. Cioffi Trucking, Inc.","8 Allison Avenue","Staten Island","New York",10306,40.570197,-74.120728,1,rooftop,8,"Allison Ave",,,"Staten Island",NY,"Richmond County",10306,US,"City of New York"
144,"Pillar To Post Home Inspectors","92 Arnold Street","Staten Island","New York",10301,40.638276,-74.09149,1,rooftop,92,"Arnold St",,,"Staten Island",NY,"Richmond County",10301,US,"City of New York"
145,"J2T Enterprise LLC","100 Gary Street","Staten Island","New York",10312,40.561013,-74.181759,1,rooftop,100,"Gary St",,,"Staten Island",NY,"Richmond County",10312,US,"City of New York"
146,"JADESKY PARTNERS, LLC","355 Gurley Avenue","Staten Island","New York",10308,40.560405,-74.160816,1,rooftop,355,"Gurley Ave",,,"Staten Island",NY,"Richmond County",10308,US,"City of New York"
147,"Family Tile Company Inc.","4390 Victory Blvd","Staten Island","New York",10314,40.587237,-74.197613,1,rooftop,4390,"Victory Blvd",,,"Staten Island",NY,"Richmond County",10314,US,"City of New York"
148,"Jay-Quin Contracting Inc.","195 Jewett Avenue","Staten Island","New York",10302,40.632193,-74.129896,1,rooftop,195,"Jewett Ave",,,"Staten Island",NY,"Richmond County",10302,US,"City of New York"
149,"JC Protection, LLC","26 Kermit Ave","Staten Island","New York",10305,40.597602,-74.082418,1,rooftop,26,"Kermit Ave",,,"Staten Island",NY,"Richmond County",10305,US,"City of New York"
150,"Jema Design, Inc.","191 Melba Street","Staten Island","New York",10314,40.607508,-74.124748,1,rooftop,191,"Melba St",,,"Staten Island",NY,"Richmond County",10314,US,"City of New York"
151,"On Point Services","212 Decker Avenue","Staten Island","New York",10302,40.628016,-74.137789,1,rooftop,212,"Decker Ave",,,"Staten Island",NY,"Richmond County",10302,US,"City of New York"
152,"JMT Media LLC","38 Fillmore Street","Staten Island","New York",10301,40.644899,-74.089876,1,rooftop,38,"Fillmore St",,,"Staten Island",NY,"Richmond County",10301,US,"City of New York"
153,"Joey G's Memories Video, Inc.","205 Gower Street","Staten Island","New York",10314,40.607594,-74.123791,1,rooftop,205,"Gower St",,,"Staten Island",NY,"Richmond County",10314,US,"City of New York"
154,"Joey G's Memories Video, Inc.","205 Gower Street","Staten Island","New York",10314,40.607594,-74.123791,1,rooftop,205,"Gower St",,,"Staten Island",NY,"Richmond County",10314,US,"City of New York"
155,"Jon of NY Corp.","15 Gateway Drive","Staten Island","New York",10304,40.601575,-74.089024,1,rooftop,15,"Gateway Dr",,,"Staten Island",NY,"Richmond County",10304,US,"City of New York"
156,"JP Hogan Coring & Sawing Corporation","680 Gulf Avenue","Staten Island","New York",10314,40.613765,-74.180473,1,rooftop,680,"Gulf Ave",,,"Staten Island",NY,"Richmond County",10314,US,"City of New York"
157,"JP Hogan Coring & Sawing Corporation","680 Gulf Avenue","Staten Island","New York",10314,40.613765,-74.180473,1,rooftop,680,"Gulf Ave",,,"Staten Island",NY,"Richmond County",10314,US,"City of New York"
158,"JRC Yearbooks","99 Kingdom Avenue","Staten Island","New York",10312,40.53033,-74.188268,1,rooftop,99,"Kingdom Ave",,,"Staten Island",NY,"Richmond County",10312,US,"City of New York"
159,"JVN Restoration Inc","101 Ellis Street","Staten Island","New York",10307,40.516667,-74.242912,1,rooftop,101,"Ellis St",,,"Staten Island",NY,"Richmond County",10307,US,"City of New York"
160,"K & N Carpentry and Cleaning Contracting Services Inc","190 Arlington Place","Staten Island","New York",10303,40.635788,-74.170088,1,rooftop,190,"Arlington Pl",,,"Staten Island",NY,"Richmond County",10303,US,"City of New York"
161,"K & S Industrial Corp.","432 Castleton Avenue","Staten Island","New York",10301,40.633778,-74.09705,1,rooftop,432,"Castleton Ave",,,"Staten Island",NY,"Richmond County",10301,US,"City of New York"
162,"K5 Corporation","1741 Richmond Terrace","Staten Island","New York",10310,40.637939,-74.12387,1,rooftop,1741,"Richmond Ter",,,"Staten Island",NY,"Richmond County",10310,US,"City of New York"
163,"KA Investigations-Security LLC","534 Van Duzer Street","Staten Island","New York",10304,40.62694,-74.083778,1,rooftop,534,"Van Duzer St",,,"Staten Island",NY,"Richmond County",10304,US,"City of New York"
164,"Katsura Environmental Landscaping Corp.","4975 Amboy Road","Staten Island","New York",10312,40.536789,-74.176527,1,rooftop,4975,"Amboy Rd",,,"Staten Island",NY,"Richmond County",10312,US,"City of New York"
165,"KES Construction Co., Inc.","15 Swan Street","Staten Island","New York",10301,40.635214,-74.076084,1,rooftop,15,"Swan St",,,"Staten Island",NY,"Richmond County",10301,US,"City of New York"
166,"Keu Architectural Studio, P.C.","68 William Street","Staten Island","New York",10304,40.6311,-74.078644,1,rooftop,68,"William St",,,"Staten Island",NY,"Richmond County",10304,US,"City of New York"
167,"Kiefer & Associates, Inc.","498 Ionia Ave","Staten Island","New York",10312,40.539269,-74.189013,1,rooftop,498,"Ionia Ave",,,"Staten Island",NY,"Richmond County",10312,US,"City of New York"
168,"King Development and Consulting, Inc.","32 Savo Loop","Staten Island","New York",10309,40.522108,-74.223043,1,rooftop,32,"Savo Loop",,,"Staten Island",NY,"Richmond County",10309,US,"City of New York"
169,"Kinsington Restoration Corp","576 Cary Ave","Staten Island","New York",10310,40.631994,-74.121174,1,rooftop,576,"Cary Ave",,,"Staten Island",NY,"Richmond County",10310,US,"City of New York"
170,"Holiday Inn Express Staten Island","300 Wild Ave","Staten Island","New York",10314,40.586457,-74.190534,1,rooftop,300,"Wild Ave",,,"Staten Island",NY,"Richmond County",10314,US,"City of New York"
171,Maaco,"2089 Richmond Terr","Staten Island","New York",10302,40.64042,-74.132761,1,rooftop,2089,"Richmond Ter",,,"Staten Island",NY,"Richmond County",10302,US,"City of New York"
172,"KLK Electric Inc.","4366B Victory Blvd","Staten Island","New York",10314,40.587644,-74.197207,1,rooftop,4366,"Victory Blvd",,,"Staten Island",NY,"Richmond County",10314,US,"City of New York"
173,"KMK CONSULTING LLC","143 Darlington Ave","Staten Island","New York",10312,40.537737,-74.190215,1,rooftop,143,"Darlington Ave",,,"Staten Island",NY,"Richmond County",10312,US,"City of New York"
174,"KVP Construction Corp.","6939 Amboy Road","Staten Island","New York",10309,40.517071,-74.232363,1,rooftop,6939,"Amboy Rd",,,"Staten Island",NY,"Richmond County",10309,US,"City of New York"
175,"LEEMAB Management Services","5 Ramsey Pl","Staten Island","New York",10304,40.618857,-74.086803,1,rooftop,5,"Ramsey Pl",,,"Staten Island",NY,"Richmond County",10304,US,"City of New York"
176,"Lilihouse Management Inc.","242 Talbot Place","Staten Island","New York",10304,40.619791,-74.074957,1,rooftop,242,"Talbot Pl",,,"Staten Island",NY,"Richmond County",10304,US,"City of New York"
177,"Linear Contracting Inc","24 Roosevelt Street","Staten Island","New York",10304,40.605679,-74.091705,1,rooftop,24,"Roosevelt St",,,"Staten Island",NY,"Richmond County",10304,US,"City of New York"
178,"Little Smarties Corp","329 Norway Ave","Staten Island","New York",10305,40.590691,-74.076629,1,rooftop,329,"Norway Ave",,,"Staten Island",NY,"Richmond County",10305,US,"City of New York"
179,"LMC Trucking Corp.","333 Chelsea Road","Staten Island","New York",10314,40.610496,-74.188865,1,rooftop,333,"Chelsea Rd",,,"Staten Island",NY,"Richmond County",10314,US,"City of New York"
180,"M & M Construction Technology Inc.","661 Pelton Avenue","Staten Island","New York",10310,40.626001,-74.108178,1,rooftop,661,"Pelton Ave",,,"Staten Island",NY,"Richmond County",10310,US,"City of New York"
181,"M&M Control Wiring & Electrical Inc","2952 Richmond Terrace","Staten Island","New York",10303,40.636723,-74.158517,1,rooftop,2952,"Richmond Ter",,,"Staten Island",NY,"Richmond County",10303,US,"City of New York"
182,"M. Barletto Maintenance, LLC","1110 South Avenue","Staten Island","New York",10314,40.613817,-74.176828,1,rooftop,1110,"South Ave",,,"Staten Island",NY,"Richmond County",10314,US,"City of New York"
183,"M6 Engineering PC","360 New Dorp Lane","Staten Island","New York",10306,40.57083,-74.110674,1,rooftop,360,"New Dorp Ln",,,"Staten Island",NY,"Richmond County",10306,US,"City of New York"
184,"MAC Contracting of S.I. Inc.","620 Sharrots Rd, SI, NY 10309","Staten Island","New York",10309,40.538774,-74.240308,1,range_interpolation,620,"Sharrotts Rd",,,"Staten Island",NY,"Richmond County",10309,US,"TIGER/Line® dataset from the US Census Bureau"
185,"Mack Electrical Inc.","516 Industrial Loop","Staten Island","New York",10309,40.548305,-74.231381,1,rooftop,516,"Industrial Loop",,,"Staten Island",NY,"Richmond County",10309,US,"City of New York"
186,"Majestic Vending & Services, Inc.","45 Van Duzer Street","Staten Island","New York",10301,40.636895,-74.077292,1,rooftop,45,"Van Duzer St",,,"Staten Island",NY,"Richmond County",10301,US,"City of New York"
187,"Marfi Contracting Corp.","539 Cary Avenue","Staten Island","New York",10310,40.632503,-74.119849,1,rooftop,539,"Cary Ave",,,"Staten Island",NY,"Richmond County",10310,US,"City of New York"
188,"Martin Treat Group, LLC","175 Weed Avenue","Staten Island","New York",10306,40.563641,-74.107666,1,rooftop,175,"Weed Ave",,,"Staten Island",NY,"Richmond County",10306,US,"City of New York"
189,"Matthews Engineering","47 Faber Street","Staten Island","New York",10302,40.639172,-74.134983,1,rooftop,47,"Faber St",,,"Staten Island",NY,"Richmond County",10302,US,"City of New York"
190,"J.V. Haring","1277 Clove Road","Staten Island","New York",10301,40.61601,-74.102921,1,rooftop,1277,"Clove Rd",,,"Staten Island",NY,"Richmond County",10301,US,"City of New York"
191,"Meco Electric Company, Inc.","56 West Street","Staten Island","New York",10310,40.632754,-74.118258,1,rooftop,56,"West St",,,"Staten Island",NY,"Richmond County",10310,US,"City of New York"
192,"Meticulous Construction and Tool Rental, LLC","192 Westervelt Avenue","Staten Island","New York",10301,40.643267,-74.084184,1,rooftop,192,"Westervelt Ave",,,"Staten Island",NY,"Richmond County",10301,US,"City of New York"
193,"Metrowide Systems, Inc.","112 Windermere Road","Staten Island","New York",10305,40.601933,-74.07867,1,rooftop,112,"Windermere Rd",,,"Staten Island",NY,"Richmond County",10305,US,"City of New York"
194,"MindOpen Learning Strategies","5 Stone Street","Staten Island","New York",10304,40.627774,-74.083173,1,rooftop,5,"Stone St",,,"Staten Island",NY,"Richmond County",10304,US,"City of New York"
195,"Miracle Technologies Inc.","326 Seguine Ave","Staten Island","New York",10309,40.518325,-74.197223,1,rooftop,326,"Seguine Ave",,,"Staten Island",NY,"Richmond County",10309,US,"City of New York"
196,"Mirmax Engineering and Land Surveying, P.C.","118 Peare Place","Staten Island","New York",10312,40.526938,-74.165524,1,rooftop,118,"Peare Pl",,,"Staten Island",NY,"Richmond County",10312,US,"City of New York"
197,"Molloy Electric, Inc.","996 Castleton Ave","Staten Island","New York",10310,40.634658,-74.115612,1,rooftop,996,"Castleton Ave",,,"Staten Island",NY,"Richmond County",10310,US,"City of New York"
198,"BMF Professional Services","29 Madan Court","Staten Island","New York",10314,40.620117,-74.15407,1,rooftop,29,"Madan Ct",,,"Staten Island",NY,"Richmond County",10314,US,"City of New York"
199,"Mutaj Company Inc.","23 Montana Ct","Staten Island","New York",10303,40.630775,-74.154515,1,rooftop,23,"Montana Ct",,,"Staten Island",NY,"Richmond County",10303,US,"City of New York"
200,"New Produce Trading Inc.","39 Geldner Ave","Staten Island","New York",10306,40.576417,-74.122131,1,rooftop,39,"Geldner Ave",,,"Staten Island",NY,"Richmond County",10306,US,"City of New York"
201,"New Times Carpentry NY, LLC","127 Hatfield place","Staten Island","New York",10302,40.633676,-74.138784,1,rooftop,127,"Hatfield Pl",,,"Staten Island",NY,"Richmond County",10302,US,"City of New York"
202,"New York Concrete Corporation","708 Sharrotts Rd.","Staten Island","New York",10309,40.538904,-74.241442,1,rooftop,708,"Sharrotts Rd",,,"Staten Island",NY,"Richmond County",10309,US,"City of New York"
203,"New York Speech & Swallow","25 Eric Lane","Staten Island","New York",10308,40.560851,-74.155035,1,rooftop,25,"Eric Ln",,,"Staten Island",NY,"Richmond County",10308,US,"City of New York"
204,"NJS Angel Properties, Inc.","900 South Avenue","Staten Island","New York",10314,40.616788,-74.172705,1,rooftop,900,"South Ave",,,"Staten Island",NY,"Richmond County",10314,US,"City of New York"
205,"NY Mobilize Inc.","77 Canon Drive","Staten Island","New York",10314,40.578308,-74.160433,1,rooftop,77,"Canon Dr",,,"Staten Island",NY,"Richmond County",10314,US,"City of New York"
206,"NYC Maintenance and Restoration, Inc","330 Stanley Avenue","Staten Island","New York",10301,40.633843,-74.095852,1,rooftop,330,"Stanley Ave",,,"Staten Island",NY,"Richmond County",10301,US,"City of New York"
207,"OhLaLaCustoms LLC","10 Dina Ct","Staten Island","New York",10306,40.564779,-74.140871,1,rooftop,10,"Dina Ct",,,"Staten Island",NY,"Richmond County",10306,US,"City of New York"
208,"One of a Kind Child Care LLC","6318 Amboy Road","Staten Island","New York",10309,40.523264,-74.215795,1,rooftop,6318,"Amboy Rd",,,"Staten Island",NY,"Richmond County",10309,US,"City of New York"
209,"One Time Only Inc","5 Fremont Avenue","Staten Island","New York",10306,40.58075,-74.112577,1,rooftop,5,"Fremont Ave",,,"Staten Island",NY,"Richmond County",10306,US,"City of New York"
210,"Palazzo Inc.","292 Brighton St","Staten Island","New York",10307,40.50291,-74.243199,1,rooftop,292,"Brighton St",,,"Staten Island",NY,"Richmond County",10307,US,"City of New York"
211,"Park Sales and Service Inc.","431 Henderson Ave","Staten Island","New York",10310,40.638909,-74.10703,1,rooftop,431,"Henderson Ave",,,"Staten Island",NY,"Richmond County",10310,US,"City of New York"
212,"Platinum Gold Enterprises, LLC","1718  Richmond Road","Staten Island","New York",10306,40.588083,-74.102283,1,rooftop,1718,"Richmond Rd",,,"Staten Island",NY,"Richmond County",10306,US,"City of New York"
213,"Preferred Staffing Solutions, Inc.","24 Heudsen Street","Staten Island","New York",10303,40.624668,-74.081527,1,rooftop,24,"Hudson St",,,"Staten Island",NY,"Richmond County",10304,US,"City of New York"
214,"Preferred Staffing Solutions, Inc.","24 Heudsen Street","Staten Island","New York",10303,40.624668,-74.081527,1,rooftop,24,"Hudson St",,,"Staten Island",NY,"Richmond County",10304,US,"City of New York"
215,"Prema Holdings LLC","3075 Richmond Terrace","Staten Island","New York",10303,40.638132,-74.162174,1,rooftop,3075,"Richmond Ter",,,"Staten Island",NY,"Richmond County",10303,US,"City of New York"
216,"Priority One Ambulance, Inc.","19 Granite Ave","Staten Island","New York",10303,40.63698,-74.146874,1,rooftop,19,"Granite Ave",,,"Staten Island",NY,"Richmond County",10303,US,"City of New York"
217,"Pro Con Group, Inc.","520 Industrial Loop","Staten Island","New York",10309,40.54816,-74.231262,1,rooftop,520,"Industrial Loop",,,"Staten Island",NY,"Richmond County",10309,US,"City of New York"
218,"PS General Construction Corporation","98 Lily pond Ave","Staten Island","New York",10305,40.600713,-74.065335,1,rooftop,98,"Lily Pond Ave",,,"Staten Island",NY,"Richmond County",10305,US,"City of New York"
219,"R.C. Best Cleaning Service","3751 Hylan Blvd","Staten Island","New York",10308,40.547483,-74.140377,1,rooftop,3751,"Hylan Blvd",,,"Staten Island",NY,"Richmond County",10308,US,"City of New York"
220,"Radford Utility Services","43 Radford St","Staten Island","New York",10314,40.590083,-74.16093,1,rooftop,43,"Radford St",,,"Staten Island",NY,"Richmond County",10314,US,"City of New York"
221,"Raise the Roof GC, Inc.","368 Peter Avenue","Staten Island","New York",10306,40.56038,-74.113986,1,rooftop,368,"Peter Ave",,,"Staten Island",NY,"Richmond County",10306,US,"City of New York"
222,RAWRembroidery,"44 Parkview Loop","Staten Island","New York",10314,40.60874,-74.155728,1,rooftop,44,"Parkview Loop",,,"Staten Island",NY,"Richmond County",10314,US,"City of New York"
223,"RDL Security Solutions, LLC","420 South Ave","Staten Island","New York",10303,40.62858,-74.166855,1,rooftop,420,"South Ave",,,"Staten Island",NY,"Richmond County",10303,US,"City of New York"
224,"Repair Sidewalk Inc","790 Richmond Rd","Staten Island","New York",10304,40.607778,-74.091453,1,rooftop,790,"Richmond Rd",,,"Staten Island",NY,"Richmond County",10304,US,"City of New York"
225,"Ray Gorbea Visual Productions","205 Lawrence Avenue","Staten Island","New York",10310,40.624666,-74.106259,1,rooftop,205,"Lawrence Ave",,,"Staten Island",NY,"Richmond County",10310,US,"City of New York"
226,"Richmond Generator Corp.","841 Rennselear Avenue","Staten Island","New York",10309,40.538822,-74.202714,1,rooftop,841,"Rensselaer Ave",,,"Staten Island",NY,"Richmond County",10309,US,"City of New York"
227,"Richmond Home Care Agency Inc","1375 Bay Street","Staten Island","New York",10305,40.610155,-74.063074,1,rooftop,1375,"Bay St",,,"Staten Island",NY,"Richmond County",10305,US,"City of New York"
228,"RISING SUN CONSTRUCTION US INC","220 Van Name Avenue","Staten Island","New York",10303,40.63067,-74.153991,1,rooftop,220,"Van Name Ave",,,"Staten Island",NY,"Richmond County",10303,US,"City of New York"
229,"RLS Consulting Services LLC","147 Livermore Ave","Staten Island","New York",10314,40.620432,-74.137714,1,rooftop,147,"Livermore Ave",,,"Staten Island",NY,"Richmond County",10314,US,"City of New York"
230,"RNH Electric Co., Inc.","516 Industrial Loop","Staten Island","New York",10309,40.548305,-74.231381,1,rooftop,516,"Industrial Loop",,,"Staten Island",NY,"Richmond County",10309,US,"City of New York"
231,"Roc-A-Natural LLC","18 Waverly Place","Staten Island","New York",10304,40.618196,-74.085413,1,rooftop,18,"Waverly Pl",,,"Staten Island",NY,"Richmond County",10304,US,"City of New York"
232,"S & V Electrical Corporation","443 Wild Avenue","Staten Island","New York",10314,40.586031,-74.195592,1,rooftop,443,"Wild Ave",,,"Staten Island",NY,"Richmond County",10314,US,"City of New York"
233,"SAFECO Construction Corp.","600 Gulf Avenue","Staten Island","New York",10314,40.615199,-74.179639,1,rooftop,600,"Gulf Ave",,,"Staten Island",NY,"Richmond County",10314,US,"City of New York"
234,"SAFECO Construction Corp.","600 Gulf Avenue","Staten Island","New York",10314,40.615199,-74.179639,1,rooftop,600,"Gulf Ave",,,"Staten Island",NY,"Richmond County",10314,US,"City of New York"
235,"Safety Environmental Company Of NY, Inc.","33 Clinton Avenue","Staten Island","New York",10301,40.643742,-74.098233,1,rooftop,33,"Clinton Ave",,,"Staten Island",NY,"Richmond County",10301,US,"City of New York"
236,"Sagona Landscaping, Ltd.","30 Sagona Court","Staten Island","New York",10309,40.527506,-74.211606,1,rooftop,30,"Sagona Ct",,,"Staten Island",NY,"Richmond County",10309,US,"City of New York"
237,"San Sebastian Enterprise Ltd.","120 Winant Place","Staten Island","New York",10309,40.536669,-74.24148,1,rooftop,120,"Winant Pl",,,"Staten Island",NY,"Richmond County",10309,US,"City of New York"
238,"The Itsy Bitsy Daycare","613 Midland Ave","Staten Island","New York",10306,40.57168,-74.091649,1,rooftop,613,"Midland Ave",,,"Staten Island",NY,"Richmond County",10306,US,"City of New York"
239,"She Media NY, LLC","83 Cromwell Avenue","Staten Island","New York",10304,40.591524,-74.098324,1,rooftop,83,"Cromwell Ave",,,"Staten Island",NY,"Richmond County",10304,US,"City of New York"
240,"Shelter Electric Maintenance Corp.","267 Jewett Avenue","Staten Island","New York",10302,40.630644,-74.130248,1,rooftop,267,"Jewett Ave",,,"Staten Island",NY,"Richmond County",10302,US,"City of New York"
241,"Shortstop Ventures, Inc.","1255 Bay Street","Staten Island","New York",10305,40.61276,-74.064987,1,rooftop,1255,"Bay St",,,"Staten Island",NY,"Richmond County",10305,US,"City of New York"
242,"SI Caliber Construction, LLC","1602 Richmond Road","Staten Island","New York",10304,40.590382,-74.100717,1,rooftop,1602,"Richmond Rd",,,"Staten Island",NY,"Richmond County",10304,US,"City of New York"
243,"Silent Rise, LLC","9 Lemondrop Court","Staten Island","New York",10309,40.541592,-74.222115,1,rooftop,9,"Lemondrop Ct",,,"Staten Island",NY,"Richmond County",10309,US,"City of New York"
244,"Skyline Electrical Contracting Corp.","40 Marble Loop, Suite F","Staten Island","New York",10309,40.537205,-74.239639,1,rooftop,40,"Marble Loop",Ste,F,"Staten Island",NY,"Richmond County",10309,US,"City of New York"
245,"Speraco Inc.","798 Klondike Avenue","Staten Island","New York",10314,40.591528,-74.161926,1,rooftop,798,"Klondike Ave",,,"Staten Island",NY,"Richmond County",10314,US,"City of New York"
246,"Stafford Unlimited, LLC","4366B Victory Boulvard","Staten Island","New York",10314,40.637403,-74.129786,0.68,street_center,,"Ave B",,,"Staten Island",NY,"Richmond County",10302,US,"TIGER/Line® dataset from the US Census Bureau"
247,"Star Factor of NYC Inc","65 Piedmont Ave","Staten Island","New York",10305,40.602167,-74.074425,1,rooftop,65,"Piedmont Ave",,,"Staten Island",NY,"Richmond County",10305,US,"City of New York"
248,"Star Factor of NYC Inc","65 Piedmont Ave","Staten Island","New York",10305,40.602167,-74.074425,1,rooftop,65,"Piedmont Ave",,,"Staten Island",NY,"Richmond County",10305,US,"City of New York"
249,"Star Universe Renovation Corp","823 Nugent Ave","Staten Island","New York",10306,40.574293,-74.095153,1,rooftop,823,"Nugent Ave",,,"Staten Island",NY,"Richmond County",10306,US,"City of New York"
250,"Staten Island Stages LLC","2911 Arthur Kill Road","Staten Island","New York",10309,40.549628,-74.227369,1,rooftop,2911,"Arthur Kill Rd",,,"Staten Island",NY,"Richmond County",10309,US,"City of New York"
251,"Staten Island Stages LLC","2911 Arthur Kill Road","Staten Island","New York",10309,40.549628,-74.227369,1,rooftop,2911,"Arthur Kill Rd",,,"Staten Island",NY,"Richmond County",10309,US,"City of New York"
252,"Steadfast Services LLC","333 Chelsea Road","Staten Island","New York",10314,40.610496,-74.188865,1,rooftop,333,"Chelsea Rd",,,"Staten Island",NY,"Richmond County",10314,US,"City of New York"
253,"STEM Advancement Inc.","131 Bloomingdale rd","Staten Island","New York",10309,40.52753,-74.216046,1,rooftop,131,"Bloomingdale Rd",,,"Staten Island",NY,"Richmond County",10309,US,"City of New York"
254,"Stevsho LLC","1147 Castlton Avenue","Staten Island","New York",10310,40.634364,-74.120582,1,rooftop,1147,"Castleton Ave",,,"Staten Island",NY,"Richmond County",10310,US,"City of New York"
255,"Strata Industries Corp.","20 Brick Court","Staten Island","New York",10309,40.537758,-74.241582,1,rooftop,20,"Brick Ct",,,"Staten Island",NY,"Richmond County",10309,US,"City of New York"
256,"Staten Island Recycling","451 Spencer Street","Staten Island","New York",10314,40.60247,-74.195637,1,rooftop,451,"Spencer St",,,"Staten Island",NY,"Richmond County",10314,US,"City of New York"
257,"Taj Associates USA Inc.","77 Targee Street","Staten Island","New York",10304,40.625252,-74.083291,1,rooftop,77,"Targee St",,,"Staten Island",NY,"Richmond County",10304,US,"City of New York"
258,"Target Mechanical, Inc.","18 Park Avenue","Staten Island","New York",10302,40.63971,-74.130766,1,range_interpolation,18,"Park Ave",,,"Staten Island",NY,"Richmond County",10302,US,"TIGER/Line® dataset from the US Census Bureau"
259,"TCDB Mgmt Group, Inc","49 Caswell Avenue","Staten Island","New York",10314,40.613153,-74.137809,1,rooftop,49,"Caswell Ave",,,"Staten Island",NY,"Richmond County",10314,US,"City of New York"
260,TROINET,"1412 Richmond Road","Staten Island","New York",10304,40.594459,-74.098365,1,rooftop,1412,"Richmond Rd",,,"Staten Island",NY,"Richmond County",10304,US,"City of New York"
261,"EB Pritchard Contracting Corp.","1940 Richmond Terrace","Staten Island","New York",10302,40.638114,-74.129071,1,rooftop,1940,"Richmond Ter",,,"Staten Island",NY,"Richmond County",10302,US,"City of New York"
262,"The Von Agency Inc","179 Windsor Road","Staten Island","New York",10314,40.612052,-74.11973,1,rooftop,179,"Windsor Rd",,,"Staten Island",NY,"Richmond County",10314,US,"City of New York"
263,"The Wheels on the Bus Go Round N Round","1841 Forest Avenue","Staten Island","New York",10303,40.625404,-74.150024,1,rooftop,1841,"Forest Ave",,,"Staten Island",NY,"Richmond County",10303,US,"City of New York"
264,"The Wings Group HC, LLC","999 Forest Avenue","Staten Island","New York",10310,40.627506,-74.123001,1,rooftop,999,"Forest Ave",,,"Staten Island",NY,"Richmond County",10310,US,"City of New York"
265,"Thomas J. Brown & Sons, Inc.","136 Aspinwall Street","Staten Island","New York",10307,40.504432,-74.248438,1,rooftop,136,"Aspinwall St",,,"Staten Island",NY,"Richmond County",10307,US,"City of New York"
266,"THREADING BY AMNA INC.","857 Forest Ave","Staten Island","New York",10310,40.629068,-74.117998,1,rooftop,857,"Forest Ave",,,"Staten Island",NY,"Richmond County",10310,US,"City of New York"
267,"Threetech Electric, Inc.","6050 Amboy Road","Staten Island","New York",10309,40.525251,-74.208935,1,rooftop,6050,"Amboy Rd",,,"Staten Island",NY,"Richmond County",10309,US,"City of New York"
268,"TM Construction Group LLC","245 Bricktown Way Suite i","Staten Island","New York",10309,40.530228,-74.232089,1,rooftop,245,"Bricktown Way",Ste,I,"Staten Island",NY,"Richmond County",10309,US,"City of New York"
269,"TMNY Services Inc.","201 Connecticut Street","Staten Island","New York",10307,40.502308,-74.249146,1,rooftop,201,"Connecticut St",,,"Staten Island",NY,"Richmond County",10307,US,"City of New York"
270,"Total Electrical Distributors Inc.","388 South Avenue","Staten Island","New York",10303,40.629729,-74.166602,1,rooftop,388,"South Ave",,,"Staten Island",NY,"Richmond County",10303,US,"City of New York"
271,"Touchtel Electric & Datacom","1897 Clove Road","Staten Island","New York",10304,40.60675,-74.087672,1,rooftop,1897,"Clove Rd",,,"Staten Island",NY,"Richmond County",10304,US,"City of New York"
272,"TRAFFIC DATA SURVEY CORP","137 Regis Dr","Staten Island","New York",10314,40.619969,-74.159185,1,rooftop,137,"Regis Dr",,,"Staten Island",NY,"Richmond County",10314,US,"City of New York"
273,"TriJem33 Consulting LLC","18 Livingston Court","Staten Island","New York",10310,40.642531,-74.109448,1,rooftop,18,"Livingston Ct",,,"Staten Island",NY,"Richmond County",10310,US,"City of New York"
274,"Uni Professional I Inc.","43 Bogota St","Staten Island","New York",10314,40.58646,-74.147095,1,rooftop,43,"Bogota St",,,"Staten Island",NY,"Richmond County",10314,US,"City of New York"
275,"Urban Dock & Rail LLC","660 Gulf Avenue","Staten Island","New York",10314,40.613991,-74.180288,1,rooftop,660,"Gulf Ave",,,"Staten Island",NY,"Richmond County",10314,US,"City of New York"
276,"V King Corp","356 Elvin Street","Staten Island","New York",10314,40.602288,-74.121715,1,rooftop,356,"Elvin St",,,"Staten Island",NY,"Richmond County",10314,US,"City of New York"
277,"View 360 Construction Inc.","150 Bay Street","Staten Island","New York",10301,40.638647,-74.075975,1,rooftop,150,"Bay St",,,"Staten Island",NY,"Richmond County",10301,US,"City of New York"
278,"Vin Lia Inc.","733 Sharrotts Road","Staten Island","New York",10309,40.539342,-74.242767,1,rooftop,733,"Sharrotts Rd",,,"Staten Island",NY,"Richmond County",10309,US,"City of New York"
279,"Vinum LLC","704 Bay Street","Staten Island","New York",10304,40.624821,-74.074776,1,rooftop,704,"Bay St",,,"Staten Island",NY,"Richmond County",10304,US,"City of New York"
280,"Wall Contractor Corp.","2372 Arthur Kill Road","Staten Island","New York",10309,40.555477,-74.214696,1,rooftop,2372,"Arthur Kill Rd",,,"Staten Island",NY,"Richmond County",10309,US,"City of New York"
281,"West Shore Trucking, Inc.","2 Kinsey Place","Staten Island","New York",10303,40.628273,-74.168641,1,range_interpolation,2,"Kinsey Pl",,,"Staten Island",NY,"Richmond County",10303,US,"TIGER/Line® dataset from the US Census Bureau"
282,"Wicked Stitches Inc.","81 West Raleigh Avenue","Staten Island","New York",10301,40.62585,-74.117863,0.99,rooftop,81,"W Raleigh Ave",,,"Staten Island",NY,"Richmond County",10310,US,"City of New York"
283,"Wmbe Construction, Inc.","59 Laconia Ave","Staten Island","New York",10305,40.593967,-74.08487,1,rooftop,59,"Laconia Ave",,,"Staten Island",NY,"Richmond County",10305,US,"City of New York"
284,"WT Engineering Studio","45 Nadal Pl","Staten Island","New York",10314,40.612246,-74.167223,1,rooftop,45,"Nadal Pl",,,"Staten Island",NY,"Richmond County",10314,US,"City of New York"
285,"XL Energy Consultants LLC","20 Englewood Avenue","Staten Island","New York",10309,40.533771,-74.236129,1,rooftop,20,"Englewood Ave",,,"Staten Island",NY,"Richmond County",10309,US,"City of New York"
286,"Xpedite LLC","121 3rd Street","Staten Island","New York",10306,40.574653,-74.118875,1,rooftop,121,"3rd St",,,"Staten Island",NY,"Richmond County",10306,US,"City of New York"
287,"Your Healthy Reality, LLC","63 Country Drive East","Staten Island","New York",10314,40.587858,-74.162305,1,rooftop,63,"Country Dr E",,,"Staten Island",NY,"Richmond County",10314,US,"City of New York"
288,"Zain Construction Inc.","220 Van Name Avenue","Staten Island","New York",10303,40.63067,-74.153991,1,rooftop,220,"Van Name Ave",,,"Staten Island",NY,"Richmond County",10303,US,"City of New York"
289,"ZK1 Construction Inc.","338 Oakdale Street","Staten Island","New York",10312,40.541644,-74.161881,1,rooftop,338,"Oakdale St",,,"Staten Island",NY,"Richmond County",10312,US,"City of New York"
